site,year,start.date,start.doy,end.date,end.doy,mid.doy,total.days,snowmelt.doy.bb,snowpack,dps,mean.temp.ave.cb,sum.precip.cb,flower.wk.sum,mean.flw.day,total.no,total.g,diptera.g,diptera.no,hymenoptera.no,hymenoptera.g,other.g,other.no,notes
GRM,1984,6/30/1984,182,7/1/1984,183,182,1,155,1382,28,12.9,0.41,4224,844.8,1202,2.01,1.875,1184,18,0.121,0.014,NA,Weights were measured 7/22/85 after a year in alcohol.
GRM,1984,7/11/1984,193,7/12/1984,194,193,1,155,1382,39,13.48333333,3.23,5403,771.8571429,771,1.818,1.598,751,20,0.17,0.05,NA,Weights were measured 7/22/85 after a year in alcohol.
GRM,1984,7/18/1984,200,7/20/1984,202,201,2,155,1382,47,14.39285714,1.44,6154,1538.5,1478,2.814,2.395,1400,39,0.21,0.209,39,Weights were measured 7/22/85 after a year in alcohol.
GRM,1984,7/24/1984,206,7/26/1984,208,207,2,155,1382,53,15.23571429,2.61,6971,1394.2,1501,2.877,2.782,1470,31,0.095,NA,NA,Weights were measured 7/22/85 after a year in alcohol.
GRM,1984,8/1/1984,214,8/3/1984,216,215,2,155,1382,61,14.47857143,0.66,12075,2012.5,1203,2.23,2.23,1168,31,NA,NA,4,Weights were measured 7/22/85 after a year in alcohol.
GRM,1984,8/7/1984,220,8/9/1984,222,221,2,155,1382,67,13.8,1.22,16075,2296.428571,903,1.321,1.321,885,10,NA,NA,8,Weights were measured 7/22/85 after a year in alcohol.
GRM,1984,8/16/1984,229,8/18/1984,231,230,2,155,1382,76,14.55714286,3.35,11685,1669.285714,743,1.162,1.162,715,18,NA,NA,10,Weights were measured 7/22/85 after a year in alcohol.
GRM,1985,6/19/1985,170,6/21/1985,172,171,2,145,1163,27,12.33571429,0.03,5882,1470.5,1084,2.73,2.05,1019,38,0.31,0.37,27,NA
GRM,1985,6/27/1985,178,6/29/1985,180,179,2,145,1163,35,10.32857143,1.22,3342,835.5,532,1.54,1.31,501,18,0.2,0.03,13,NA
GRM,1985,7/3/1985,184,7/5/1985,186,185,2,145,1163,41,12.26428571,0,2701,675.25,1090,2.62,2.46,1041,33,0.11,0.05,16,NA
GRM,1985,7/10/1985,191,7/12/1985,193,192,2,145,1163,48,13.97142857,0.86,2487,829,1772,4.01,3.31,1665,84,0.49,0.21,23,NA
GRM,1985,7/17/1985,198,7/19/1985,200,199,2,145,1163,55,13.88571429,2.79,3268,1089.333333,1377,3.06,2.6,1280,56,0.26,0.2,41,NA
GRM,1985,7/24/1985,205,7/26/1985,207,206,2,145,1163,62,12.3,2.2,3314,1104.666667,637,1.22,1.16,601,20,0.04,0.02,16,NA
GRM,1985,7/30/1985,211,8/1/1985,213,212,2,145,1163,68,11.94,0.7,2836,945.3333333,1051,1.88,1.65,947,50,0.12,0.11,54,NA
GRM,1985,8/7/1985,219,8/9/1985,221,220,2,145,1163,76,13.5,0.5,2147,536.75,664,1.34,1.09,566,40,0.06,0.19,58,NA
GRM,1985,8/13/1985,225,8/15/1985,227,226,2,145,1163,82,11.46428571,0.81,1039,346.3333333,463,0.64,0.61,363,30,0.02,0.01,70,NA
GRM,1986,6/17/1986,168,6/19/1986,170,169,2,149,1384,21,11.9,0.3,8298,2766,653,1.03,0.76,629,15,0.26,0.01,9,NA
GRM,1986,6/25/1986,176,6/27/1986,178,177,2,149,1384,29,12.50714286,1.45,5311,1770.333333,330,0.78,0.53,279,37,0.13,0.12,14,NA
GRM,1986,7/2/1986,183,7/4/1986,185,184,2,149,1384,36,13.55714286,0.53,6512,1628,554,1.88,1.07,462,56,0.44,0.37,36,NA
GRM,1986,7/10/1986,191,7/12/1986,193,192,2,149,1384,44,12.42142857,2.08,7214,2404.666667,370,0.82,0.6,316,40,0.15,0.07,14,NA
GRM,1986,7/16/1986,197,7/18/1986,199,198,2,149,1384,50,13.67857143,0.71,7498,2499.333333,217,0.36,0.28,190,17,0.04,0.04,10,NA
GRM,1986,7/30/1986,211,8/1/1986,213,212,2,149,1384,64,12.14285714,0.2,11690,2922.5,154,0.43,0.32,104,11,0.01,0.1,39,Trap was partially destroyed by something
GRM,1986,8/6/1986,218,8/8/1986,220,219,2,149,1384,71,12.37142857,3.61,6010,1202,274,0.74,0.63,232,22,0.08,0.03,20,"Trap was low (stake buried about 6""), probably caught fewer than normal"
GRM,1986,8/13/1986,225,8/15/1986,227,226,2,149,1384,78,12.49285714,0.48,5040,1008,121,0.75,0.2,91,13,0.09,0.46,17,NA
GRM,1987,6/17/1987,168,6/19/1987,170,169,2,132,986,38,11.56428571,0.3,6574,2191.333333,417,0.92,0.64,379,25,0.25,0.03,13,NA
GRM,1987,6/24/1987,175,6/26/1987,177,176,2,132,986,45,11.3,0,5109,1277.25,263,1.04,0.5,226,28,0.5,0.04,9,NA
GRM,1987,7/1/1987,182,7/3/1987,184,183,2,132,986,52,12.22142857,1.42,3753,938.25,481,NA,0.51,393,62,0.32,NA,26,NA
GRM,1987,7/8/1987,189,7/10/1987,191,190,2,132,986,59,11.65714286,0,3418,1139.333333,226,3.4,1.26,168,34,1.04,1.1,24,Weights look too high for these numbers
GRM,1987,7/22/1987,203,7/24/1987,205,204,2,132,986,73,13.10714286,0.51,2099,1049.5,470,0.59,0.47,333,47,0.03,0.09,90,NA
GRM,1987,7/29/1987,210,7/31/1987,212,211,2,132,986,80,15.68571429,0.49,2481,620.25,430,0.65,0.4,315,55,0.08,0.17,60,NA
GRM,1987,8/5/1987,217,8/7/1987,219,218,2,132,986,87,14.52857143,1.52,1132,377.3333333,224,0.44,0.37,179,17,0.02,0.05,28,NA
GRM,1987,8/13/1987,225,8/15/1987,227,226,2,132,986,95,13.44285714,0.1,1710,427.5,107,0.22,0.2,82,6,0.01,0.01,19,NA
GRM,1988,6/15/1988,167,6/17/1988,169,168,2,135,925,34,10.67142857,1.45,2915,971.6666667,431,0.84,0.65,391,26,0.06,0.13,14,NA
GRM,1988,6/22/1988,174,6/24/1988,176,175,2,135,925,41,13.92857143,1.17,4061,1015.25,487,1.34,0.74,393,58,0.22,0.38,36,NA
GRM,1988,6/29/1988,181,7/1/1988,183,182,2,135,925,48,13.37142857,2.65,5125,1281.25,273,0.87,0.45,217,33,0.14,0.28,25,NA
GRM,1988,7/6/1988,188,7/8/1988,190,189,2,135,925,55,13.28571429,1.04,4181,1393.666667,199,0.74,0.39,140,25,0.05,0.3,34,NA
GRM,1988,7/13/1988,195,7/15/1988,197,196,2,135,925,62,13.96428571,0.2,11091,3697,335,0.88,0.61,236,64,0.13,0.14,35,NA
GRM,1988,7/20/1988,202,7/22/1988,204,203,2,135,925,69,13.7,0.28,9114,2278.5,204,0.43,0.24,145,23,0.09,0.1,36,NA
GRM,1988,8/3/1988,216,8/5/1988,218,217,2,135,925,83,14.72857143,1.6,3620,1206.666667,304,1.02,0.07,243,16,0.05,0.9,45,NA
GRM,1988,8/10/1988,223,8/12/1988,225,224,2,135,925,90,13.21428571,0.41,2350,587.5,NA,NA,NA,189,32,NA,NA,51,NA
GRM,1989,6/14/1989,165,6/16/1989,167,166,2,132,1094,35,10.85714286,1.32,5729,1432.25,465,0.72,0.55,412,22,0.11,0.06,31,NA
GRM,1989,6/21/1989,172,6/23/1989,174,173,2,132,1094,42,11.22142857,0,2651,1325.5,90,NA,0.18,79,6,0.04,0.01,5,NA
GRM,1989,6/28/1989,179,6/30/1989,181,180,2,132,1094,49,12.64285714,0,3485,871.25,482,1.12,0.75,405,46,0.16,0.21,31,NA
GRM,1989,7/5/1989,186,7/7/1989,188,187,2,132,1094,56,14.68571429,0,2992,748,578,1.41,0.9,391,146,0.35,0.16,41,NA
GRM,1989,7/12/1989,193,7/14/1989,195,194,2,132,1094,63,14.32857143,1.44,2118,706,491,1.18,0.7,351,101,0.18,0.3,39,NA
GRM,1989,7/19/1989,200,7/21/1989,202,201,2,132,1094,70,14.01428571,0,3015,753.75,370,1.18,0.71,261,60,0.16,0.31,49,NA
GRM,1989,7/26/1989,207,7/28/1989,209,208,2,132,1094,77,14.77142857,3.11,1164,388,541,1.08,0.72,393,81,0.17,0.19,67,NA
GRM,1989,8/2/1989,214,8/4/1989,216,215,2,132,1094,84,13.79166667,4.73,1292,430.6666667,426,0.946,0.651,314,58,0.195,0.1,54,NA
GRM,1989,8/9/1989,221,8/11/1989,223,222,2,132,1094,91,13.69285714,1.95,611,203.6666667,166,0.526,0.411,106,29,0.088,0.027,31,NA
GRM,1990,6/20/1990,171,6/22/1990,173,172,2,138,964,35,11.05714286,0,0,NA,57,0.61,0.39,24,21,0.14,0.08,12,NA
GRM,1990,6/27/1990,178,6/29/1990,180,179,2,138,964,42,15.31428571,0,0,NA,513,1.84,1,393,71,0.43,0.41,49,NA
GRM,1990,7/5/1990,186,7/7/1990,188,187,2,138,964,50,15.75,2.36,0,NA,319,1.81,1.11,217,70,0.2,0.5,32,NA
GRM,1990,7/11/1990,192,7/13/1990,194,193,2,138,964,56,13.72857143,3.63,0,NA,257,1.03,0.56,188,42,0.17,0.3,27,NA
GRM,1990,7/18/1990,199,7/20/1990,201,200,2,138,964,63,14.04285714,0.4,0,NA,244,1.21,0.53,184,38,0.18,0.5,22,NA
GRM,1990,7/26/1990,207,7/28/1990,209,208,2,138,964,71,12.50714286,2.36,0,NA,155,0.86,0.35,113,18,0.1,0.41,24,NA
GRM,1990,8/1/1990,213,8/3/1990,215,214,2,138,964,77,11.70714286,0.99,0,NA,166,0.9,0.5,137,18,0.1,0.3,11,NA
GRM,1990,8/8/1990,220,8/10/1990,222,221,2,138,964,84,12.50714286,0.05,0,NA,333,2.98,0.6,228,58,0.13,2.25,47,NA
GRM,1991,6/19/1991,170,6/21/1991,172,171,2,142,1076,30,10.55714286,3.02,12490,1784.285714,145,0.23,0.2,135,5,0.01,0.02,5,NA
GRM,1991,6/26/1991,177,6/28/1991,179,178,2,142,1076,37,11.79285714,0,14036,2005.142857,173,0.39,0.24,152,16,0.11,0.04,5,NA
GRM,1991,7/3/1991,184,7/5/1991,186,185,2,142,1076,44,12.36428571,0.13,11258,2251.6,317,0.89,0.61,267,25,0.18,0.1,25,moths lumped with butterflies
GRM,1991,7/10/1991,191,7/12/1991,193,192,2,142,1076,51,14.00714286,1.37,10898,1816.333333,692,0.99,0.48,506,65,0.2,0.31,121,NA
GRM,1991,7/17/1991,198,7/19/1991,200,199,2,142,1076,58,13.97142857,3.18,7810,1301.666667,439,1.33,0.98,369,45,0.12,0.23,25,NA
GRM,1991,7/24/1991,205,7/26/1991,207,206,2,142,1076,65,12.97142857,1.24,9859,3286.333333,175,0.53,0.4,167,0,0.12,0.01,8,NA
GRM,1991,7/31/1991,212,8/2/1991,214,213,2,142,1076,72,13.14285714,0.18,10178,2544.5,360,0.9,0.7,288,51,0.08,0.12,21,NA
GRM,1991,8/7/1991,219,8/9/1991,221,220,2,142,1076,79,12.38571429,1.15,7289,1457.8,264,0.46,0.36,209,39,0.06,0.04,16,NA
GRM,1991,8/14/1991,226,8/16/1991,228,227,2,142,1076,86,13.22142857,0.46,4173,1391,294,0.42,0.25,226,55,0.16,0.01,13,NA
GRM,1991,8/21/1991,233,8/23/1991,235,234,2,142,1076,93,12.86428571,0.03,3204,1068,261,0.45,0.36,208,28,0.07,0.02,25,NA
GRM,1992,6/10/1992,162,6/12/1992,164,163,2,123,692,41,8.092857143,0.87,3897,1299,356,0.44,0.35,322,18,0.07,0.02,16,NA
GRM,1992,6/17/1992,169,6/19/1992,171,170,2,123,692,48,9.6,0,6931,1732.75,400,0.62,0.41,351,30,0.19,0.02,19,NA
GRM,1992,6/25/1992,177,6/27/1992,179,178,2,123,692,56,13.40714286,1.4,5376,1792,261,0.88,0.65,231,20,0.21,0.02,10,"6/27 Tephritidae: 8 Trupanea, 1 1-spot; Syrphidae: 6 Volucella bombylans"
GRM,1992,7/1/1992,183,7/3/1992,185,184,2,123,692,62,11.77857143,0,3470,1735,134,0.42,0.39,119,9,0.01,0.02,6,7/3 Syrphidae includes 3 Volucella bombylans
GRM,1992,7/9/1992,191,7/11/1992,193,192,2,123,692,70,13.08571429,1.52,6741,1685.25,375,0.63,0.44,329,30,0.05,0.14,16,"7/11 Tephritidae: 3 Trupanea, 3 Neotephritis, 1 speckled, 1 ?"
GRM,1992,7/15/1992,197,7/17/1992,199,198,2,123,692,76,12.03571429,0.87,8489,2122.25,306,0.59,0.49,256,33,0.05,0.05,17,"7/17 Tephritidae: 1 Neotephritis, 2 speckled"
GRM,1992,7/22/1992,204,7/24/1992,206,205,2,123,692,83,12.56428571,1.68,4478,2239,135,0.17,0.12,109,19,0.02,0.03,7,Net fell down during sampling period
GRM,1992,8/4/1992,217,8/6/1992,219,218,2,123,692,96,13.44285714,0.38,4339,1446.333333,294,0.35,0.02,271,13,0.03,0.3,10,"Net was down sometime between 4 and 6 August 1992, for undertermined length of time.; 8/6 Tephritidae: 1 Neotephritis"
GRM,1992,8/12/1992,225,8/14/1992,227,226,2,123,692,104,13.57142857,1.85,1925,641.6666667,424,0.72,0.43,380,15,0.02,0.27,29,"8/14 Tephritidae: 1 Cirsium, 1 Trupanea, 2 speckled"
GRM,1992,8/21/1992,234,8/23/1992,236,235,2,123,692,113,13.30714286,1.93,636,212,195,0.24,0.16,185,4,0.01,0.07,6,NA
GRM,1993,6/9/1993,160,6/11/1993,162,161,2,156,1469,6,6.921428571,1.71,8547,4273.5,42,0.21,0.18,39,2,0.02,0.01,1,NA
GRM,1993,6/15/1993,166,6/17/1993,168,167,2,156,1469,12,11.44285714,0,9555,3185,159,0.47,0.43,151,6,0.03,0.01,2,6/17 Tephritidae:  3 Neotephritis and 4 Trupanea females
GRM,1993,6/23/1993,174,6/25/1993,176,175,2,156,1469,20,9.521428571,0.59,8395,2098.75,123,0.21,0.19,118,3,0.01,0.01,2,6/25 Tephritidae: 1 Neotrephritis female
GRM,1993,6/30/1993,181,7/2/1993,183,182,2,156,1469,27,12.65,0,6250,2083.333333,216,0.55,0.47,199,8,0.07,0.01,9,NA
GRM,1993,7/7/1993,188,7/9/1993,190,189,2,156,1469,34,11.31428571,2.26,9983,2495.75,237,0.74,0.71,202,11,0.02,0.01,24,"7/9 Tephritidae:  2 Trupanea females, 1 Neotephritis male, 1 ?"
GRM,1993,7/14/1993,195,7/16/1993,197,196,2,156,1469,41,13.61428571,0,5770,1923.333333,428,1.01,0.92,392,14,0.07,0.02,22,"etc. = 3 mayflies, both weeks"
GRM,1993,7/21/1993,202,7/23/1993,204,203,2,156,1469,48,12.25,0,3486,1162,308,0.83,0.7,263,22,0.04,0.09,23,NA
GRM,1993,7/28/1993,209,7/30/1993,211,210,2,156,1469,55,12.92857143,0.38,6194,2064.666667,405,1.69,1.21,302,37,0.2,0.28,66,"7/30 Tephritidae: 2 thistle, 1 speckled"
GRM,1993,8/4/1993,216,8/6/1993,218,217,2,156,1469,62,13.74285714,0.45,5166,2583,299,1,0.83,261,7,0.01,0.16,31,"8/6 Tephritidae: 3 speckled, 8/6 Tephritidae: 2 speckled"
GRM,1993,8/11/1993,223,8/13/1993,225,224,2,156,1469,69,12.90714286,2.08,5364,2682,326,1.25,0.7,270,19,0.17,0.38,37,NA
GRM,1993,8/25/1993,237,8/27/1993,239,238,2,156,1469,83,11.71428571,3.36,3332,1110.666667,NA,NA,NA,159,15,NA,NA,25,mayflies
GRM,1994,6/8/1994,159,6/10/1994,161,160,2,140,954,21,9.921428571,0,7242,1810.5,103,0.24,0.24,103,NA,NA,NA,NA,NA
GRM,1994,6/15/1994,166,6/17/1994,168,167,2,140,954,28,12.05714286,0,4224,1408,238,1.07,0.75,190,35,0.29,0.03,13,6/17 tephritid:  Neotephritis
GRM,1994,6/22/1994,173,6/24/1994,175,174,2,140,954,35,12.95,0.79,5079,1693,269,0.88,0.03,232,24,0.13,0.72,13,NA
GRM,1994,6/29/1994,180,7/1/1994,182,181,2,140,954,42,15.08571429,0,7330,1832.5,359,1.59,1.02,263,54,0.37,0.2,42,NA
GRM,1994,7/6/1994,187,7/8/1994,189,188,2,140,954,49,12.24285714,0.49,3572,1190.666667,184,0.55,0.4,154,12,0.06,0.09,18,NA
GRM,1994,7/13/1994,194,7/15/1994,196,195,2,140,954,56,13.06428571,0,3701,1233.666667,588,2.41,1.72,474,29,0.2,0.49,85,7/15 tephritids: 2 speckled
GRM,1994,7/20/1994,201,7/22/1994,203,202,2,140,954,63,13.85,0,2047,682.3333333,336,1.38,0.67,206,16,0.14,0.57,114,"7/22 tephritids: 3 Cirsium, 4 speckled"
GRM,1994,7/27/1994,208,7/29/1994,210,209,2,140,954,70,15.11428571,0.26,1080,360,339,1.55,0.75,226,NA,0.28,0.52,113,etc. = 2 mayflies; 7/29 tephritids: 8 speckled
GRM,1995,6/17/1995,168,6/19/1995,170,169,2,170,1641,0,11.50714286,2.09,3684,921,407,0.49,0.3,202,25,0.03,0.16,180,NA
GRM,1995,6/24/1995,175,6/26/1995,177,176,2,170,1641,7,9.757142857,0,9201,3067,358,0.52,0.23,200,31,0.09,0.2,127,NA
GRM,1995,7/1/1995,182,7/3/1995,184,183,2,170,1641,14,10.15714286,4.63,1778,889,698,0.81,0.41,326,0,0.11,0.29,372,NA
GRM,1996,6/5/1996,157,6/7/1996,159,158,2,140,1200,19,9.335714286,0,6649,1329.8,65,0.18,0.18,59,3,0.01,0.01,3,NA
GRM,1996,6/12/1996,164,6/14/1996,166,165,2,140,1200,26,12.22857143,0.69,4715,1178.75,146,0.22,0.11,118,7,0.06,0.05,21,Wasp: 1 Vespula
GRM,1996,6/19/1996,171,6/21/1996,173,172,2,140,1200,33,11.07142857,2.39,2799,933,151,0.52,0.31,116,24,0.17,0.04,11,"Ehrlich's assistant Jen counted 37 species of diptera in this sample; they had 44 from about the same time period; 
tephritidae: Neotephritis finalis female"
GRM,1996,6/26/1996,178,6/28/1996,180,179,2,140,1200,40,11.62142857,1.72,4408,1102,117,0.29,0.23,95,15,0.05,0.01,7,NA
GRM,1996,7/3/1996,185,7/5/1996,187,186,2,140,1200,47,13.77142857,0.33,4346,1448.666667,424,1.86,1.63,351,53,0.17,0.06,20,"Ehrlich's assistant Jen counted 82 species of diptera in this sample; they had 83 in a sample from about the same time, syrphid.flies : 1 = Volucella bombylans"
GRM,1996,7/10/1996,192,7/12/1996,194,193,2,140,1200,54,14.90714286,0.05,4928,1642.666667,307,0.71,0.6,253,30,0.05,0.06,24,syrphid.flies: 2 = Volucella bombylans
GRM,1996,7/17/1996,199,7/19/1996,201,200,2,140,1200,61,14.83571429,1.47,9191,2297.75,290,0.75,0.35,223,36,0.15,0.25,31,tephritidae: female speckled-wing
GRM,1996,7/24/1996,206,7/26/1996,208,207,2,140,1200,68,13.68571429,0,6444,2148,263,0.31,0.19,138,17,0.02,0.1,108,Ehrlich's assistant Jen counted 60 species of diptera in this sample; they had 65 from a similar time period
GRM,1996,7/31/1996,213,8/2/1996,215,214,2,140,1200,75,14.24285714,1.22,5353,1338.25,459,NA,NA,252,35,NA,NA,172,Mouse ate sample before weighing; syrphid.flies: 1 = Volucella bombylans
GRM,1996,8/7/1996,220,8/9/1996,222,221,2,140,1200,82,12.65714286,0.71,1333,666.5,266,NA,NA,143,31,NA,NA,92,Mouse ate sample before weighing
GRM,1996,8/14/1996,227,8/16/1996,229,228,2,140,1200,89,14.2,0,1090,363.3333333,362,NA,NA,230,59,NA,NA,73,Mouse ate sample before weighing; tephritidae: Trupanea nigricornis female
GRM,1997,6/4/1997,155,6/6/1997,157,156,2,152,1498,5,11.74285714,0,11674,3891.333333,136,0.35,0.28,109,14,0.06,0.01,13,NA
GRM,1997,6/11/1997,162,6/13/1997,164,163,2,152,1498,12,9.45,3.12,5718,1429.5,111,0.12,0.1,100,4,0.01,0.01,7,NA
GRM,1997,6/18/1997,169,6/20/1997,171,170,2,152,1498,19,10.03571429,0.1,4947,1649,299,0.57,0.32,255,28,0.16,0.09,16,wasp: 1 Vespula queen
GRM,1997,6/25/1997,176,6/27/1997,178,177,2,152,1498,26,12.17857143,0,3754,1251.333333,172,0.62,0.3,136,27,0.25,0.07,9,wasp: 2 Vespula queens; tephritid: Neotephritis female
GRM,1997,7/5/1997,186,7/7/1997,188,187,2,152,1498,36,11.85714286,0,5636,1409,283,0.42,0.31,243,29,0.07,0.04,11,syrphid.flies: 3 Volucella bombylans
GRM,1997,7/9/1997,190,7/11/1997,192,191,2,152,1498,40,12.53571429,0,6514,1628.5,404,0.7,0.52,334,47,0.13,0.05,23,"syrphid.flies: 3 Volucella bombylans; crane.flies: 2 large ones,"
GRM,1997,7/16/1997,197,7/18/1997,199,198,2,152,1498,47,12.77857143,0,4207,1402.333333,337,0.8,0.6,267,48,0.11,0.09,22,"other.bees: metallic blue, etc.other: 1 Mecoptera?, wasp: 1 Vespula
3??"
GRM,1997,7/23/1997,204,7/25/1997,206,205,2,152,1498,54,13.96428571,1.17,8112,2028,495,0,NA,300,56,NA,NA,139,wasp: 3 Vespula
GRM,1997,7/30/1997,211,8/1/1997,213,212,2,152,1498,61,15.11428571,1.02,5707,1902.333333,360,0.53,0.23,209,48,0.26,0.04,103,etc.other: tiny red mites; wasp: 9 Vespula
GRM,1997,8/6/1997,218,8/8/1997,220,219,2,152,1498,68,14,1.58,5864,1466,254,0.54,0.16,126,35,0.34,0.04,93,etc.other: tiny red mites; wasp: 12 Vespula
GRM,1997,8/13/1997,225,8/15/1997,227,226,2,152,1498,75,10.47857143,3.21,2552,850.6666667,182,0.23,0.14,90,18,0.06,0.03,74,etc.other: tiny red mites; wasp: 2 Vespula
GRM,1997,8/20/1997,232,8/22/1997,234,233,2,152,1498,82,12.65714286,0.28,2650,662.5,NA,NA,NA,NA,NA,NA,NA,NA,sample lost or not sorted??
GRM,1998,6/17/1998,168,6/19/1998,170,169,2,140,1171,30,7.657142857,1.28,3832,1277.333333,46,0.06,0.04,42,1,0.01,0.01,3,"1 Trupanea nigricornis female, 1 Neotephritis finalis female"
GRM,1998,6/24/1998,175,6/26/1998,177,176,2,140,1171,37,11.04285714,0,5417,1354.25,151,0.36,0.34,148,1,0.01,0.01,2,NA
GRM,1998,7/1/1998,182,7/3/1998,184,183,2,140,1171,44,13.92857143,0,3740,1246.666667,638,1.39,1.22,605,13,0.07,0.1,20,wasp: 1 Vespula; syprhid.flies: 3 = Volucella bombylans; tephritid.flies: 1 Trupanea female
GRM,1998,7/8/1998,189,7/10/1998,191,190,2,140,1171,51,14.47857143,3.62,8699,2174.75,596,1.43,1.2,539,33,0.15,0.08,24,wasp: 2 Vespula; syprhid.flies: 1 = Volucella bombylans; tephritid.flies: Trupanea nigricornis female
GRM,1998,7/15/1998,196,7/17/1998,198,197,2,140,1171,58,14.05,0.38,7991,2663.666667,542,1.49,1.26,481,29,0.12,0.11,32,"wasp: 1 Vespula; syprhid.flies: 2 = Volucella bombylans; tephritid.flies: 2 Trupanea females, 1 Neotephritis female"
GRM,1998,7/22/1998,203,7/26/1998,207,205,4,140,1171,67,15.98571429,1.7,7632,1908,879,1.62,1.33,755,42,0.11,0.18,82,wasp: 2 Vespula; crane.flies: 2 different species; leafhoppes: 2 - 3 different species
GRM,1998,7/29/1998,210,7/31/1998,212,211,2,140,1171,72,13.65,2.95,6138,2046,507,1.18,1.01,484,18,0.02,0.15,5,crane.flies: 2 different species; tephritid.flies: Trupanea female and speckled male (took for ID 1/12/00)
GRM,1998,8/5/1998,217,8/7/1998,219,218,2,140,1171,79,12.22857143,1.45,4792,1597.333333,623,1.2,0.82,365,27,0.11,0.27,231,"ant: alate; wasp: 3 Vespula; syprhid.flies: 3 = Volucella bombylans; tephritid.flies: 3 Cirsium species? 1 speckled male (took for ID, 1/11/00)"
GRM,1998,8/19/1998,231,8/21/1998,233,232,2,140,1171,93,13.82857143,0.2,1408,352,375,0.57,0.29,171,25,0.11,0.17,179,"wasp: 2 Vespula, primarily black, some white, not the usual yellow species; leaf hoppers: 102 small green, 65 large yellow
"
GRM,1999,6/2/1999,153,6/4/1999,155,154,2,145,1144,10,8.121428571,0.92,9247,2311.75,71,0.07,0.05,32,2,0.01,0.01,37,NA
GRM,1999,6/9/1999,160,6/11/1999,162,161,2,145,1144,17,7.864285714,0.23,10903,2725.75,175,0.17,0.15,82,3,0.01,0.01,90,NA
GRM,1999,6/16/1999,167,6/18/1999,169,168,2,145,1144,24,9.614285714,1.65,7360,2453.333333,202,0.16,0.1,95,4,0.05,0.01,103,NA
GRM,1999,6/23/1999,174,6/25/1999,176,175,2,145,1144,31,11.52857143,0.46,7301,2433.666667,405,0.3,0.2,176,17,0.07,0.03,212,NA
GRM,1999,6/30/1999,181,7/2/1999,183,182,2,145,1144,38,13.52857143,0,5162,1720.666667,367,0.66,0.44,158,15,0.06,0.16,194,NA
GRM,1999,7/7/1999,188,7/9/1999,190,189,2,145,1144,45,15.71428571,0.94,3779,1259.666667,667,0.71,0.46,308,17,0.06,0.19,342,syrphid.flies: 1 = Volucella bombylans
GRM,1999,7/15/1999,196,7/17/1999,198,197,2,145,1144,53,13.55714286,2.13,5570,1856.666667,1121,1.05,0.89,523,30,0.04,0.12,568,tephritid.flies: thistle species?
GRM,1999,7/21/1999,202,7/23/1999,204,203,2,145,1144,59,13.32857143,4.06,13256,4418.666667,1348,1.02,0.74,625,30,0.1,0.18,693,wasp: 3 = Vespula; tephritid.flies: thistle species?
GRM,1999,7/28/1999,209,7/30/1999,211,210,2,145,1144,66,14.74285714,3.07,18857,4714.25,1298,0.91,0.8,609,24,0.06,0.05,665,"other.bees: blue-green metallic; wasp: 1 = Vespula; crane.flies: 2 different species; etc.diptera.small: 279 = red thorax, black abdomen"
GRM,1999,8/4/1999,216,8/6/1999,218,217,2,145,1144,73,13.96428571,2.37,7346,2448.666667,1038,1.85,0.49,464,31,0.28,1.08,543,"wasp: 8 = Vespula; tephritid.flies: Neotephritis finalis female; etc.diptera.small: 105 = red thorax, black abdomen"
GRM,1999,8/11/1999,223,8/13/1999,225,224,2,145,1144,80,12.37857143,1.24,9110,1822,599,0.87,0.67,258,18,0.09,0.11,323,"wasp: 2 = Vespula; etc.diptera.small: 11 = red thorax, black abdomen"
GRM,1999,8/19/1999,231,8/22/1999,234,232,3,145,1144,89,13.43571429,2.99,4531,1510.333333,972,0.8,0.55,412,38,0.01,0.24,522,"etc.diptera.small: 6 = red thorax, black abdomen"
GRM,1999,8/26/1999,238,8/30/1999,242,240,4,145,1144,97,12.65714286,0.23,3176,1058.666667,NA,NA,NA,NA,13,0.06,NA,122,lots of carnage from grasshoppers
GRM,1999,9/1/1999,244,9/3/1999,246,245,2,145,1144,101,11.95,1.27,1779,889.5,312,0.15,0.13,143,8,0.01,0.01,161,NA
GRM,1999,9/10/1999,253,9/13/1999,256,254,3,145,1144,111,9.292857143,0.28,485,242.5,174,0.46,0.23,64,9,0.04,0.19,101,other.g doesn't include two grasshoppers which were released live
GRM,1999,9/16/1999,259,9/18/1999,261,260,2,145,1144,116,8.292857143,1.02,254,84.66666667,221,0.15,0.1,73,7,0.01,0.04,141,other.g doesn't include one grasshopper which was released live
GRM,1999,9/21/1999,264,9/23/1999,266,265,2,145,1144,121,6.542857143,3.17,52,17.33333333,189,0.12,0.09,70,5,0.01,0.02,114,syrphid.flies: 1 = Volucella bombylans
GRM,2000,5/31/2000,152,6/2/2000,154,153,2,130,858,24,11.15,0.3,11130,2782.5,215,0.38,0.29,197,7,0.07,0.02,11,beetle: 1 weevil
GRM,2000,6/6/2000,158,6/9/2000,161,159,3,130,858,31,12.57857143,0.43,6602,1650.5,323,0.58,0.47,291,5,0.04,0.07,27,NA
GRM,2000,6/14/2000,166,6/16/2000,168,167,2,130,858,38,10.36428571,0.25,8334,2083.5,70,0.38,0.22,52,5,0.04,0.17,13,spiders: released alive
GRM,2000,6/21/2000,173,6/23/2000,175,174,2,130,858,45,10.8,1.32,4384,1096,290,0.69,0.56,230,25,0.07,0.06,35,NA
GRM,2000,6/28/2000,180,6/30/2000,182,181,2,130,858,52,11,1.34,4438,887.6,452,0.91,0.78,413,10,0.07,0.06,29,NA
GRM,2000,7/5/2000,187,7/7/2000,189,188,2,130,858,59,13.52857143,0.15,5698,1899.333333,677,1.14,0.98,595,48,0.1,0.06,34,syprhid.flies:1 Volucella bombylans
GRM,2000,7/13/2000,195,7/17/2000,199,197,4,130,858,69,14.86428571,1.48,12652,3163,1239,2.31,1.76,1084,68,0.15,0.4,87,Sampled for two extra days
GRM,2000,7/19/2000,201,7/21/2000,203,202,2,130,858,73,14.09285714,1.48,9510,2377.5,440,0.96,0.68,326,35,0.06,0.22,79,NA
GRM,2000,7/27/2000,209,7/29/2000,211,210,2,130,858,81,14.76428571,0.18,4264,1066,272,0.76,0.59,171,39,0.1,0.07,62,NA
GRM,2000,8/3/2000,216,8/5/2000,218,217,2,130,858,88,15.76428571,4.29,721,360.5,303,0.52,0.4,240,14,0.04,0.08,49,NA
GRM,2000,8/9/2000,222,8/11/2000,224,223,2,130,858,94,15.09285714,0.15,796,265.3333333,283,0.5,0.38,213,21,0.03,0.09,49,NA
GRM,2000,8/16/2000,229,8/18/2000,231,230,2,130,858,101,14.72142857,3.27,495,165,170,0.26,0.24,137,14,0.01,0.01,19,NA
GRM,2000,8/23/2000,236,8/25/2000,238,237,2,130,858,108,12.78571429,2,197,65.66666667,141,0.17,0.15,105,11,0.01,0.01,25,NA
GRM,2001,5/30/2001,150,6/1/2001,152,151,2,134,928,18,9.414285714,0.03,4561,1520.333333,207,0.83,0.81,189,2,0.01,0.01,16,NA
GRM,2001,6/6/2001,157,6/8/2001,159,158,2,134,928,25,10.47142857,0,6521,1630.25,385,4.28,1.76,319,14,0.84,1.68,52,Beetle: 1 ladybug + 2 weevil
GRM,2001,6/14/2001,165,6/16/2001,167,166,2,134,928,33,8.535714286,1.04,2426,1213,80,0.018,0.16,68,0,0.01,0.01,12,hymenoptera weight: check and look for sample; review total.g
GRM,2001,6/20/2001,171,6/22/2001,173,172,2,134,928,39,11.25714286,0,3217,1072.333333,123,1.11,0.15,92,7,0.02,0.94,24,NA
GRM,2001,6/27/2001,178,6/29/2001,180,179,2,134,928,46,13.74285714,2.54,1631,543.6666667,404,0.81,0.7,317,17,0.01,0.1,70,Syrphid.flies: 3 = Volucella bombylans
GRM,2001,7/4/2001,185,7/6/2001,187,186,2,134,928,53,15.74285714,1.38,2602,650.5,413,1.78,1.3,332,27,0.08,0.4,54,NA
GRM,2001,7/11/2001,192,7/13/2001,194,193,2,134,928,60,16.35714286,1.07,2501,833.6666667,249,1.51,0.43,171,13,0.07,0.85,65,total.g includes +0.16g in insect parts
GRM,2001,7/18/2001,199,7/21/2001,202,200,3,134,928,68,12.30714286,1.04,2466,822,289,2.77,0.57,163,10,0.05,1.45,116,total.g includes +0.72g in insect parts
GRM,2001,7/25/2001,206,7/27/2001,208,207,2,134,928,74,13.87857143,1.5,3455,863.75,249,NA,NA,162,16,NA,NA,71,"No data for weights, look for samples and weigh them"
GRM,2001,8/1/2001,213,8/3/2001,215,214,2,134,928,81,14.80714286,3.68,2811,937,189,3.57,0.35,94,25,0.1,2.84,70,hymenoptera: 1 released live (wasp); total.g includes +0.28g in insect parts
GRM,2001,8/9/2001,221,8/11/2001,223,222,2,134,928,89,14.92857143,3.54,2332,777.3333333,327,0.79,0.47,256,14,0.07,0.25,57,NA
GRM,2001,8/16/2001,228,8/18/2001,230,229,2,134,928,96,12.70714286,1.86,2145,715,156,1.15,0.59,112,12,0.06,0.5,32,NA
GRM,2002,5/23/2002,143,5/25/2002,145,144,2,115,653,30,6.271428571,0.15,2080,693.3333333,6,0.01,0.01,6,0,0,0,0,NA
GRM,2002,5/29/2002,149,5/31/2002,151,150,2,115,653,36,8.528571429,0,1489,496.3333333,NA,0,NA,NA,NA,NA,NA,NA,NA
GRM,2002,6/5/2002,156,6/7/2002,158,157,2,115,653,43,10.91428571,0.03,2472,618,NA,NA,NA,NA,NA,NA,NA,NA,NA
GRM,2002,7/18/2002,199,7/20/2002,201,200,2,115,653,86,15.91428571,0.08,943,314.3333333,557,1.59,0.99,358,42,0.12,0.48,157,NA
GRM,2002,7/25/2002,206,7/27/2002,208,207,2,115,653,93,14.88571429,0.66,538,134.5,193,0.57,0.32,123,21,0.07,0.18,49,NA
GRM,2002,8/1/2002,213,8/3/2002,215,214,2,115,653,100,15.02857143,0.28,252,84,364,0.67,0.39,254,13,0.02,0.26,97,NA
GRM,2002,8/15/2002,227,8/17/2002,229,228,2,115,653,114,12.77142857,0,454,113.5,178,0.56,0.34,141,15,0.19,0.03,22,NA
GRM,2002,8/22/2002,234,8/24/2002,236,235,2,115,653,121,13.09285714,1.42,99,33,90,0.34,0.27,82,5,0.03,0.04,3,other.bees: metallic blue
GRM,2003,6/11/2003,162,6/13/2003,164,163,2,142,991,22,9.407142857,0.11,3260,815,213,0.55,0.38,182,24,0.16,0.01,7,NA
GRM,2003,6/18/2003,169,6/21/2003,172,170,3,142,991,30,11.03571429,1.22,4064,1016,105,0.25,0.15,83,18,0.05,0.01,4,"4th day wind M, temperature C, no clouds, no rain"
GRM,2003,6/24/2003,175,6/26/2003,177,176,2,142,991,35,9.835714286,0.71,2833,944.3333333,91,0.28,0.17,71,11,0.06,0.05,9,other.bees: blue
GRM,2003,7/2/2003,183,7/4/2003,185,184,2,142,991,43,12.9,0,2862,954,230,2.23,0.43,201,13,0.09,1.71,16,NA
GRM,2003,7/9/2003,190,7/11/2003,192,191,2,142,991,50,14.05714286,0,5490,1372.5,149,1.84,0.53,114,11,0.07,1.24,24,syrphid.flies: one bumblebee mimic; tephritid.flies: Trupanea nigricornis female
GRM,2003,7/16/2003,197,7/18/2003,199,198,2,142,991,57,16.34285714,0.1,3996,1332,327,2.25,0.44,203,44,0.09,1.72,80,NA
GRM,2003,7/23/2003,204,7/25/2003,206,205,2,142,991,64,17.34285714,2.89,4723,1574.333333,338,0.83,0.52,261,19,0.05,0.26,58,NA
GRM,2003,7/30/2003,211,8/1/2003,213,212,2,142,991,71,15.52142857,2.44,4145,1381.666667,210,1.48,0.44,162,11,0.03,1.01,37,NA
GRM,2003,8/6/2003,218,8/8/2003,220,219,2,142,991,78,14.99285714,2.21,3377,844.25,304,NA,0.44,224,28,NA,NA,52,tephritid.flies: Trupanea nigricornis female
GRM,2004,6/2/2004,154,6/4/2004,156,155,2,128,1016,28,7.928571429,0.16,2801,933.6666667,222,0.54,0.32,160,50,0.19,0.03,12,etc.diptera.large: 8 red bottom
GRM,2004,6/9/2004,161,6/11/2004,163,162,2,128,1016,35,11.62857143,0.58,2982,745.5,61,0.14,0.09,41,16,0.04,0.01,4,etc.diptera.large: 5 red bottom
GRM,2004,6/16/2004,168,6/18/2004,170,169,2,128,1016,42,10.38571429,0.31,3554,888.5,47,0.31,0.09,31,9,0.04,0.18,7,etc.diptera.large: 1 red bottom
GRM,2004,6/23/2004,175,6/25/2004,177,176,2,128,1016,49,10.55,0.48,2876,958.6666667,119,0.31,0.25,108,6,0.01,0.05,5,NA
GRM,2004,7/2/2004,184,7/4/2004,186,185,2,128,1016,58,10.32142857,2.49,7310,1827.5,118,0.4,0.31,108,5,0.03,0.06,5,etc.diptera.med: 1 red bottom
GRM,2004,7/7/2004,189,7/9/2004,191,190,2,128,1016,63,11.93571429,0,12185,4061.666667,0,0.73,0.39,0,0,0.28,0.06,0,NA
GRM,2004,7/14/2004,196,7/16/2004,198,197,2,128,1016,70,15.86428571,0.38,21965,5491.25,192,0.54,0.49,148,11,0.01,0.04,33,etc.diptera.med: 3 red bottom
GRM,2004,7/22/2004,204,7/24/2004,206,205,2,128,1016,78,14.15714286,2.23,18373,4593.25,86,0.17,0.15,69,6,0.01,0.01,11,etc.diptera.large: 1 red bottom
GRM,2004,7/28/2004,210,7/30/2004,212,211,2,128,1016,84,10.82142857,2.62,16709,4177.25,225,0.53,0.41,186,10,0.03,0.09,29,ants: alate
GRM,2004,8/4/2004,217,8/6/2004,219,218,2,128,1016,91,13.55714286,0.18,6029,2009.666667,104,0.17,0.12,90,0,0,0.05,14,NA
GRM,2004,8/11/2004,224,8/14/2004,227,225,3,128,1016,99,12.21428571,0,1233,411,291,0.81,0.64,266,7,0.01,0.16,18,"etc.other: 1 larva, emerged from grasshopper?; ants: alates; check diptera.g; Three days of data collection"
GRM,2004,8/18/2004,231,8/20/2004,233,232,2,128,1016,105,11.58571429,0.51,646,161.5,106,0.46,0.24,89,2,0.03,0.19,15,NA
GRM,2005,6/8/2005,159,6/10/2005,161,160,2,146,1210,15,7.385714286,0.43,3418,1139.333333,56,0.08,0.06,49,6,0.01,0.01,1,tephritid.flies: 1 spot male
GRM,2005,6/15/2005,166,6/17/2005,168,167,2,146,1210,22,7.742857143,1.63,2861,715.25,249,0.37,0.29,205,30,0.06,0.02,14,tephritid.flies: 2 Trupanea nigricornis females; etc.diptera.large: 1 red bottom
GRM,2005,6/22/2005,173,6/24/2005,175,174,2,146,1210,29,13.00714286,0.25,2971,990.3333333,228,0.42,0.24,188,25,0.06,0.12,15,"tephritid.flies: 7 female, 1 male, Trupanea nigricornis; etc.diptera.large: 1 red bottom + 4 Sarcophagidae; beetle: 1 weevil"
GRM,2005,6/29/2005,180,7/1/2005,182,181,2,146,1210,36,11.92857143,0.69,3076,769,202,0.31,0.23,162,19,0.06,0.04,21,etc.diptera.large: 1 red bottom + 2 Sarcophagidae; beetle: 1 weevil
GRM,2005,7/6/2005,187,7/8/2005,189,188,2,146,1210,43,12.63571429,0,2273,757.6666667,352,0.92,0.56,299,23,0.19,0.17,30,other.bees: 6 of one kind; tephritid.flies: Trupanea nigricornis females; etc.diptera.large: 2 red bottom
GRM,2005,7/13/2005,194,7/15/2005,196,195,2,146,1210,50,15.15,0.21,3792,1264,66,0.21,0.14,47,3,0.01,0.06,16,"tephritid flie: 1 Neotephritis finalis, 1 1-spot; etc.diptera.large: 1 red bottom"
GRM,2005,7/20/2005,201,7/22/2005,203,202,2,146,1210,57,15.98571429,0.38,7595,2531.666667,408,1.56,0.85,329,19,0.14,0.57,60,"bumble.bee: frigidus?? tephritid.flies: Neotephritis finalis, 2 female, 1 male; etc.diptera.large: 4 red bottom"
GRM,2005,7/27/2005,208,7/29/2005,210,209,2,146,1210,64,14.32857143,1.14,13536,3384,237,0.17,0.335,168,17,0.19,0.47,52,wasps: 2 yellow jackets; etc.diptera.large: 1 red bottom
GRM,2005,8/3/2005,215,8/5/2005,217,216,2,146,1210,71,15.32142857,2.59,8695,2898.333333,0,1.02,0.29,0,0,0.19,0.54,0,Data missing for this row
GRM,2006,6/7/2006,158,6/9/2006,160,159,2,132,981,28,12.85,2.16,3742,935.5,167,0.34,0.26,151,7,0.01,0.07,9,NA
GRM,2006,6/21/2006,172,6/23/2006,174,173,2,132,981,42,11.62857143,0,2411,602.75,281,0.57,0.42,244,15,0.06,0.09,22,NA
GRM,2006,7/5/2006,186,7/7/2006,188,187,2,132,981,56,14.28571429,2.21,6818,1704.5,457,0.82,0.78,415,15,0.03,0.04,27,NA
GRM,2006,7/13/2006,194,7/15/2006,196,195,2,132,981,64,12.72857143,3.28,6338,1584.5,555,1.22,0.92,421,26,0.14,0.16,108,wasp: 1 yellowjacket; butterflies: Speyeria
GRM,2006,7/19/2006,200,7/21/2006,202,201,2,132,981,70,16.55714286,1.53,6332,1583,467,1.1,0.78,363,25,0.14,0.2,79,"wasp: 1 yellowjacket; 2 tiny wasps are still in with flies (forgot to pull them out); tephritid: 7 very small, 1 larger"
GRM,2006,7/27/2006,208,7/29/2006,210,209,2,132,981,78,16.19285714,1.07,4712,1178,444,1,0.69,317,26,0.15,0.16,101,wasp: 2 yellowjackets; tephritid: both the small ones like last week
GRM,2006,8/9/2006,221,8/11/2006,223,222,2,132,981,91,13.9,1.99,3077,1025.666667,345,0.63,0.42,247,24,0.13,0.08,74,wasp: 1 yellowjacket
GRM,2006,8/23/2006,235,8/25/2006,237,236,2,132,981,105,13.84285714,1.48,2853,951,396,0.56,0.37,301,11,0.1,0.09,84,wasp: 2 yellowjackets
GRM,2006,8/30/2006,242,9/1/2006,244,243,2,132,981,112,10.73571429,2.32,2147,536.75,NA,0.69,0.41,NA,NA,0.05,0.23,NA,NA
GRM,2006,9/6/2006,249,9/8/2006,251,250,2,132,981,119,10.4,0.53,688,229.3333333,266,0.27,0.23,243,3,0.01,0.04,20,tephritid: 1-spot
GRM,2007,5/30/2007,150,6/1/2007,152,151,2,121,883,31,7.25,0.3,7053,2351,NA,NA,0.09,NA,NA,NA,0.01,NA,A single tiny orthopteran nymph. Too light to weigh
GRM,2007,6/8/2007,159,6/10/2007,161,160,2,121,883,40,7.785714286,0.11,7754,2584.666667,NA,0.46,0.44,NA,NA,0.01,0.01,NA,"Two flies, v light."
GRM,2007,6/13/2007,164,6/15/2007,166,165,2,121,883,45,10.03571429,0.96,8372,2093,NA,0.41,0.39,NA,NA,0.01,0.01,NA,"Two small bees in Hymenoptera, v light."
GRM,2007,6/21/2007,172,6/23/2007,174,173,2,121,883,53,12.89285714,0,4206,1051.5,NA,0.94,0.89,NA,NA,0.02,0.03,NA,NA
GRM,2007,6/27/2007,178,6/29/2007,180,179,2,121,883,59,13.78571429,0,5118,1279.5,NA,1.8,1.22,NA,NA,0.28,0.3,NA,NA
GRM,2007,7/3/2007,184,7/5/2007,186,185,2,121,883,65,14.95714286,0,5921,1480.25,NA,1.33,0.95,NA,NA,0.16,0.22,NA,NA
GRM,2007,7/11/2007,192,7/13/2007,194,193,2,121,883,73,14.35,0.39,2234,558.5,NA,0.75,0.62,NA,NA,0.05,0.08,NA,NA
GRM,2007,7/18/2007,199,7/20/2007,201,200,2,121,883,80,15.23571429,0.46,1120,373.3333333,NA,0.75,0.4,NA,NA,0.04,0.31,NA,NA
GRM,2007,7/25/2007,206,7/27/2007,208,207,2,121,883,87,16.31428571,4.84,1336,334,NA,0.65,0.5,NA,NA,0.03,0.12,NA,NA
GRM,2007,8/1/2007,213,8/3/2007,215,214,2,121,883,94,16,0.64,989,329.6666667,NA,0.77,0.31,NA,NA,0.03,0.36,NA,NA
GRM,2007,8/8/2007,220,8/10/2007,222,221,2,121,883,101,14.87857143,0.87,1145,286.25,NA,0.29,0.05,NA,NA,0.03,0.21,NA,NA
GRM,2007,8/15/2007,227,8/17/2007,229,228,2,121,883,108,14.81428571,0.16,675,225,NA,0.53,0.09,NA,NA,0,0.44,NA,1 parasatoid wasp in Hymenoptera vial. Too light to measure
GRM,2007,8/22/2007,234,8/24/2007,236,235,2,121,883,115,13.97142857,0.2,927,231.75,NA,NA,0.05,NA,NA,NA,NA,NA,NA
GRM,2007,8/29/2007,241,8/31/2007,243,242,2,121,883,122,13.07142857,0.51,371,123.6666667,NA,NA,0.09,NA,NA,NA,0.01,NA,"Misidentified a Dipteran as a Hymenopteran. Double check weight as well, may be too light to weigh."
GRM,2008,6/19/2008,171,6/21/2008,173,172,2,152,1369,21,12.45714286,0,4110,1370,127,0.24,0.16,118,2,0.01,0.08,7,NA
GRM,2008,6/24/2008,176,6/26/2008,178,177,2,152,1369,26,11.93571429,0,4818,1204.5,213,0.46,0.38,185,8,0.04,0.04,20,NA
GRM,2008,6/30/2008,182,7/2/2008,184,183,2,152,1369,32,13.13571429,0.18,4749,1187.25,146,0.54,0.35,123,6,0.03,0.16,17,NA
GRM,2008,7/8/2008,190,7/10/2008,192,191,2,152,1369,40,13.52857143,0.26,4989,1247.25,324,0.86,0.74,277,10,0.05,0.07,37,NA
GRM,2008,7/15/2008,197,7/17/2008,199,198,2,152,1369,47,13.85714286,0.03,3321,1107,239,0.85,0.55,189,10,0.09,0.21,40,NA
GRM,2008,7/22/2008,204,7/27/2008,209,206,5,152,1369,57,16.18571429,2.14,3889,1296.333333,865,0.597,0.5,765,18,0.027,0.07,82,NA
GRM,2008,7/29/2008,211,7/31/2008,213,212,2,152,1369,61,14.55714286,0.69,4392,1464,505,1.154,0.819,402,14,0.083,0.252,89,NA
GRM,2008,8/5/2008,218,8/7/2008,220,219,2,152,1369,68,16.66428571,0.48,5113,1704.333333,251,0.72,0.49,209,10,0.06,0.17,32,NA
GRM,2008,8/30/2008,243,9/1/2008,245,244,2,152,1369,93,13.22142857,1.17,2218,554.5,187,0.54,0.38,138,8,0.05,0.11,41,NA
GRM,2009,6/17/2009,168,6/19/2009,170,169,2,131,1107,39,9.007142857,0.26,4313,1078.25,185,0.42,0.3,139,11,0.06,0.06,35,etc.other: 2 weevils
GRM,2009,6/24/2009,175,6/26/2009,177,176,2,131,1107,46,12.47142857,0.61,4515,1505,55,0.16,0.14,49,5,0.01,0.01,1,NA
GRM,2009,7/2/2009,183,7/4/2009,185,184,2,131,1107,54,13.3,0.79,4146,1382,127,0.22,0.18,102,11,0.03,0.01,14,etc.other: 1 aphid
GRM,2009,7/8/2009,189,7/10/2009,191,190,2,131,1107,60,12.46428571,0,5118,1706,129,0.37,0.28,104,6,0.02,0.07,19,NA
GRM,2009,7/15/2009,196,7/17/2009,198,197,2,131,1107,67,13.92142857,1.2,10634,2658.5,167,0.56,0.43,127,12,0.04,0.09,28,NA
GRM,2009,7/23/2009,204,7/25/2009,206,205,2,131,1107,75,14.84285714,0,9804,2451,313,0.79,0.63,229,11,0.02,0.14,73,NA
GRM,2009,8/5/2009,217,8/7/2009,219,218,2,131,1107,88,13.18571429,0.46,3493,1164.333333,224,0.54,0.31,86,13,0.03,0.2,125,NA
GRM,2009,8/19/2009,231,8/21/2009,233,232,2,131,1107,102,10.14285714,0.23,1774,591.3333333,151,0.29,0.11,58,22,0.04,0.14,71,NA
GRM,2010,6/2/2010,153,6/4/2010,155,154,2,132,1120,23,9.678571429,0,4781,1195.25,72,0.1,0.06,54,12,0.03,0.01,6,NA
GRM,2010,6/9/2010,160,6/11/2010,162,161,2,132,1120,30,14.79285714,0,4096,1365.333333,98,0.49,0.09,77,8,0.38,0.02,13,etc.other: 1 weevil
GRM,2010,6/16/2010,167,6/18/2010,169,168,2,132,1120,37,9.092857143,2.34,4013,1337.666667,41,0.43,0.07,34,1,0.17,0.19,6,etc.other: 1 weevil
GRM,2010,6/23/2010,174,6/25/2010,176,175,2,132,1120,44,12.33571429,0,4832,1208,106,NA,NA,82,8,NA,NA,16,NA
GRM,2010,6/30/2010,181,7/3/2010,184,182,3,132,1120,52,14.20714286,0.51,5235,1308.75,NA,NA,NA,NA,NA,NA,NA,NA,Four days of data collection
GRM,2010,7/7/2010,188,7/10/2010,191,189,3,132,1120,59,12.70714286,0.38,4502,1500.666667,NA,NA,NA,NA,NA,NA,NA,NA,Three days of data collection
GRM,2010,7/14/2010,195,7/16/2010,197,196,2,132,1120,65,15.02857143,0.58,6703,2234.333333,NA,NA,NA,NA,NA,NA,NA,NA,NA
GRM,2010,7/21/2010,202,7/23/2010,204,203,2,132,1120,72,17.54285714,1.02,8713,2178.25,NA,NA,NA,NA,NA,NA,NA,NA,NA
GRM,2010,7/28/2010,209,7/30/2010,211,210,2,132,1120,79,17.82142857,0.56,4634,1544.666667,NA,NA,NA,NA,NA,NA,NA,NA,NA
GRM,2010,8/4/2010,216,8/6/2010,218,217,2,132,1120,86,15.32857143,3.44,3097,774.25,67,0.26,0.06,32,2,0.09,0.11,33,NA
GRM,2010,8/11/2010,223,8/13/2010,225,224,2,132,1120,93,13.29285714,1.8,1782,594,81,0.24,0.16,55,0,0,0.06,26,NA
GRM,2010,8/20/2010,232,8/22/2010,234,233,2,132,1120,102,13.57142857,2.69,1846,615.3333333,165,0.45,0.25,86,54,0.15,0.05,25,etc.other: 5 trips (spelling from original data)
GRM,2010,8/25/2010,237,8/27/2010,239,238,2,132,1120,107,13.87857143,0.08,1972,657.3333333,171,0.42,0.2,78,56,0.19,0.03,37,NA
GRM,2011,6/9/2011,160,6/11/2011,162,161,2,158,1492,4,10.9,0,6161,2053.666667,15,0.12,0.12,15,0,0,0,0,NA
GRM,2011,6/15/2011,166,6/17/2011,168,167,2,158,1492,10,11.02857143,0,6546,2182,62,0.87,0.85,57,3,0.1,0.01,2,NA
GRM,2011,6/22/2011,173,6/24/2011,175,174,2,158,1492,17,10.55,0.13,5567,1391.75,171,0.5,0.11,112,42,0.2,0.21,17,NA
GRM,2011,7/1/2011,182,7/3/2011,184,183,2,158,1492,26,14.39285714,0.64,6599,1649.75,96,0.64,0.35,90,1,NA,0.29,5,NA
GRM,2011,7/5/2011,186,7/7/2011,188,187,2,158,1492,30,15.5,0.79,7542,1885.5,69,0.41,0.28,57,4,0.1,0.03,8,NA
GRM,2011,7/13/2011,194,7/15/2011,196,195,2,158,1492,38,14.76428571,2.05,9498,2374.5,96,1.06,1,78,3,0.03,0.03,15,NA
GRM,2011,7/21/2011,202,7/23/2011,204,203,2,158,1492,46,15.87142857,0.13,11462,2865.5,113,0.81,0.39,92,3,0.19,0.23,18,NA
GRM,2011,8/19/2011,231,8/21/2011,233,232,2,158,1492,75,15.32142857,0.3,5822,1940.666667,85,0.81,0.2,59,11,0.55,0.06,15,NA
GRM,2011,8/24/2011,236,8/26/2011,238,237,2,158,1492,80,15.70714286,0,4880,1220,156,0.48,0.3,90,17,0.06,0.12,49,NA
GRM,2011,8/31/2011,243,9/2/2011,245,244,2,158,1492,87,14.44285714,0.56,1528,509.3333333,145,0.55,0.16,99,11,0.22,0.17,35,3 days
GRM,2011,9/16/2011,259,9/18/2011,261,260,2,158,1492,103,8.964285714,1.78,191,63.66666667,1,0.01,0.01,1,NA,NA,NA,NA,NA
GRM,2012,5/16/2012,137,5/18/2012,139,138,2,113,640,26,8.264285714,0.3,2305,768.3333333,NA,NA,NA,NA,NA,NA,NA,NA,NA
GRM,2012,5/25/2012,146,5/27/2012,148,147,2,113,640,35,9.635714286,0.1,3408,852,40,0.23,0.2,34,2,0.01,0.02,3,NA
GRM,2012,5/30/2012,151,6/1/2012,153,152,2,113,640,40,8.385714286,0,2444,814.6666667,83,0.3,0.2,66,8,0.08,0.02,9,NA
GRM,2012,6/6/2012,158,6/8/2012,160,159,2,113,640,47,12.69285714,0,3975,993.75,122,0.43,0.34,96,9,0.05,0.04,17,NA
GRM,2012,6/13/2012,165,6/15/2012,167,166,2,113,640,54,12.69166667,0,2355,785,NA,NA,NA,NA,NA,NA,NA,NA,NA
GRM,2012,6/20/2012,172,6/21/2012,173,172,1,113,640,60,13.25,0,1050,350,NA,NA,NA,NA,NA,NA,NA,NA,NA
GRM,2013,5/15/2013,135,5/17/2013,137,136,2,135,788,2,8.328571429,0,2709,677.25,50,0.25,0.2,26,3,0.02,0.03,21,"syrphid.flies: shiny, blueish thorax, skinny striped abdomen, also present on 22May sample; tephritid.flies: I think- light spots on wings (amy mckinney)"
GRM,2013,5/22/2013,142,5/24/2013,144,143,2,135,788,9,6.992857143,0.45,5081,1693.666667,40,0.16,0.11,24,0,0,0.05,16,NA
GRM,2013,5/29/2013,149,5/31/2013,151,150,2,135,788,16,9.042857143,0.2,4754,1584.666667,3,0.01,0.01,3,0,0,0,0,NA
GRM,2013,6/5/2013,156,6/7/2013,158,157,2,135,788,23,9.914285714,0,7765,1941.25,61,0.18,0.1,53,2,0.04,0.04,6,NA
GRM,2013,6/13/2013,164,6/15/2013,166,165,2,135,788,31,14.08571429,0,7404,1851,179,0.42,0.25,139,24,0.08,0.09,16,NA
GRM,2013,6/19/2013,170,6/21/2013,172,171,2,135,788,37,12.54285714,0,6430,1607.5,143,0.28,0.17,103,19,0.04,0.07,21,NA
GRM,2013,7/3/2013,184,7/5/2013,186,185,2,135,788,51,16.55,0,8251,2062.75,215,0.64,0.28,133,37,0.15,0.21,45,NA
GRM,2013,7/11/2013,192,7/13/2013,194,193,2,135,788,59,17.21428571,0,6551,1637.75,286,0.73,0.26,148,19,0.18,0.29,119,NA
GRM,2013,7/18/2013,199,7/20/2013,201,200,2,135,788,66,15.44285714,2.95,5917,1972.333333,262,0.48,0.28,158,19,0.06,0.14,85,NA
GRM,2013,7/31/2013,212,8/2/2013,214,213,2,135,788,79,14.71428571,4.78,6658,1664.5,104,0.48,0.23,36,8,0.04,0.21,60,NA
GRM,2013,8/8/2013,220,8/10/2013,222,221,2,135,788,87,12.66428571,0.78,4147,1036.75,94,0.18,0.21,108,6,0.07,0.18,94,NA
GRM,2013,8/16/2013,228,8/18/2013,230,229,2,135,788,95,12.42857143,0.43,3965,991.25,82,0.57,0.26,52,10,0.05,0.26,20,NA
GRM,2013,8/22/2013,234,8/24/2013,236,235,2,135,788,101,14.89285714,0.38,4243,1060.75,248,0.43,0.27,165,16,0.09,0.07,67,NA
GRM,2013,8/29/2013,241,8/31/2013,243,242,2,135,788,108,15.32857143,0.53,1877,625.6666667,NA,NA,NA,NA,NA,NA,NA,NA,NA
GRM,2013,9/4/2013,247,9/7/2013,250,248,3,135,788,115,15.33,0.51,1052,263,155,0.32,0.17,93,7,0.07,0.08,55,NA
GRM,2014,6/4/2014,155,6/6/2014,157,156,2,146,1177,11,10.75,0,6999,2333,108,0.16,0.12,86,8,0.03,0.01,14,NA
GRM,2014,6/18/2014,169,6/20/2014,171,170,2,146,1177,25,10.40714286,0,7428,2476,98,0.005,0.005,90,5,0.01,0.01,3,other.g: No movement on the scale
GRM,2014,6/25/2014,176,6/28/2014,179,177,3,146,1177,33,12.09285714,0,8178,2726,108,0.02,0.01,85,12,0.01,0.01,11,NA
GRM,2014,7/3/2014,184,7/6/2014,187,185,3,146,1177,41,15.05,0,5471,1823.666667,132,0.021,0.015,106,9,0.001,0.006,17,other.g: No movement on the scale
GRM,2014,7/9/2014,190,7/11/2014,192,191,2,146,1177,46,15.52857143,0.3,6437,2145.666667,134,0.07,0.045,101,8,0.01,0.015,25,NA
GRM,2014,7/16/2014,197,7/18/2014,199,198,2,146,1177,53,15.48333333,0.66,8494,2831.333333,163,0.038,0.02,117,12,0.009,0.009,34,NA
GRM,2014,7/23/2014,204,7/25/2014,206,205,2,146,1177,60,16.59285714,0.03,11902,2975.5,166,0.06,0.035,98,21,0.015,0.01,47,NA
GRM,2014,7/30/2014,211,8/3/2014,215,213,4,146,1177,69,14.52857143,2.62,9501,3167,196,1.391,0.857,112,26,0.342,0.192,58,NA
GRM,2014,8/6/2014,218,8/9/2014,221,219,3,146,1177,75,13.93571429,0.28,7840,2613.333333,103,0.477,0.284,50,15,0.119,0.074,38,NA
GRM,2014,8/13/2014,225,8/15/2014,227,226,2,146,1177,81,13.98571429,0.64,4407,1469,85,0.582,0.42,55,5,0.041,0.121,25,NA
GRM,2014,8/20/2014,232,8/22/2014,234,233,2,146,1177,88,14.37857143,0.59,4731,1182.75,132,0.21,0.12,89,15,0.03,0.06,28,"syrphid.flies: 3+6 ""flies with long skinny abdomens (small)"""
GRM,2014,8/28/2014,240,8/30/2014,242,241,2,146,1177,96,11.07142857,1.75,3521,1173.666667,135,0.31,0.07,21,21,0.07,0.17,93,etc.other: red spots on wing margins; beetle: Lubin beetle
GRM,2015,5/27/2015,147,5/29/2015,149,148,2,127,852,22,6,2.72,7474,2491.333333,180,0.03,0.01,164,8,0.01,0.01,8,NA
GRM,2015,6/3/2015,154,6/5/2015,156,155,2,127,852,29,9.678571429,0.05,19310,4827.5,219,0.09,0.07,195,13,0.01,0.01,11,NA
GRM,2015,6/10/2015,161,6/12/2015,163,162,2,127,852,36,9.65,2.8,20340,6780,105,0.101,0.1,101,4,0.001,0,0,NA
GRM,2015,6/17/2015,168,6/19/2015,170,169,2,127,852,43,11.66666667,0.94,26721,6680.25,186,0.041,0.02,155,23,0.001,0.02,8,NA
GRM,2015,6/24/2015,175,6/26/2015,177,176,2,127,852,50,15.09285714,0.25,16823,5607.666667,151,0.401,0.3,129,16,0.1,0.001,6,NA
GRM,2015,7/1/2015,182,7/3/2015,184,183,2,127,852,57,16.87142857,0,16723,4180.75,0,0,NA,0,0,NA,NA,0,Collection scrambled; could not sort
GRM,2015,7/8/2015,189,7/11/2015,192,190,3,127,852,65,12.26428571,2.04,19538,4884.5,321,0.1,0.01,292,16,NA,0.7,13,NA
GRM,2015,7/16/2015,197,7/18/2015,199,198,2,127,852,72,13.5,1.22,19630,6543.333333,420,1.1,0.9,388,16,0.1,0.1,16,grasshoppers: tiny
GRM,2015,7/22/2015,203,7/24/2015,205,204,2,127,852,78,13.65,1.71,25168,8389.333333,378,0.72,0.7,348,6,0.01,0.01,24,NA
GRM,2015,7/30/2015,211,8/1/2015,213,212,2,127,852,86,13.30714286,0.13,31787,7946.75,339,0.52,0.5,263,19,0.01,0.01,57,NA
GRM,2015,8/5/2015,217,8/7/2015,219,218,2,127,852,92,13.29285714,1.24,27453,6863.25,345,0.62,0.6,282,26,0.01,0.01,37,NA
GRM,2015,8/12/2015,224,8/14/2015,226,225,2,127,852,99,13.22857143,1.72,10972,3657.333333,NA,NA,NA,NA,NA,NA,NA,NA,Grasshopper in this sample and most of the flies mangled. Not sorted.
GRM,2015,8/19/2015,231,8/21/2015,233,232,2,127,852,106,13.12857143,0.28,7354,1838.5,107,0.32,0.3,84,10,0.01,0.01,13,NA
GRM,2015,8/26/2015,238,8/28/2015,240,239,2,127,852,113,12.75,1.68,1495,498.3333333,154,0.102,0.1,137,13,0.001,0.001,4,NA
GRM,2015,9/2/2015,245,9/4/2015,247,246,2,127,852,120,12.15,1.73,1893,473.25,166,0.3,0.15,152,9,0.1,0.05,5,NA
GRM,2015,9/9/2015,252,9/16/2015,259,255,7,127,852,132,9.992857143,1.32,465,155,NA,NA,NA,NA,NA,NA,NA,NA,Trap left out for too long and thus compromised
GRM,2015,9/16/2015,259,9/18/2015,261,260,2,127,852,134,10.02857143,1.32,443,147.6666667,157,0.201,0.15,135,6,0.001,0.05,16,NA
GRM,2015,9/23/2015,266,9/25/2015,268,267,2,127,852,141,9.407142857,0,330,82.5,92,0.202,0.2,82,3,0.001,0.001,7,NA
GRM,2015,9/30/2015,273,10/1/2015,274,273,1,127,852,147,10.98571429,0,160,40,144,0.102,0.1,127,3,0.001,0.001,14,NA
GRM,2016,5/25/2016,146,5/27/2016,148,147,2,139,837,9,7.178571429,0.1,11488,2872,22,1.2,1.1,20,0,0,0.1,2,NA
GRM,2016,6/1/2016,153,6/3/2016,155,154,2,139,837,16,7.65,0.58,6736,2245.333333,180,2.7,2.5,167,5,0.1,0.1,8,NA
GRM,2016,6/8/2016,160,6/10/2016,162,161,2,139,837,23,12.35714286,0,7077,1769.25,206,1.3,1.1,196,4,0.1,0.1,6,NA
GRM,2016,6/15/2016,167,6/17/2016,169,168,2,139,837,30,10.55,0.87,6727,2242.333333,164,3.05,2.9,150,4,0.1,0.05,10,NA
GRM,2016,6/29/2016,181,7/1/2016,183,182,2,139,837,44,13.84285714,0.3,3813,1271,89,0.69,0.39,73,4,0.01,0.29,12,"Collection scrambled, could not sort"
GRM,2016,7/6/2016,188,7/8/2016,190,189,2,139,837,51,12.61428571,1.86,4123,1374.333333,174,0.5,0.37,149,12,0.05,0.08,13,NA
GRM,2016,7/13/2016,195,7/15/2016,197,196,2,139,837,58,12.78571429,0,5198,1299.5,153,0.062,0.032,114,18,0.01,0.02,21,NA
GRM,2016,7/20/2016,202,7/22/2016,204,203,2,139,837,65,13.9,5.49,3975,1325,209,0.075,0.055,144,20,0.01,0.01,45,NA
GRM,2016,7/27/2016,209,7/29/2016,211,210,2,139,837,72,14.23571429,0,4218,1054.5,164,0.066,0.046,110,16,0.01,0.01,38,NA
GRM,2016,8/4/2016,217,8/6/2016,219,218,2,139,837,80,14.68571429,4.6,2059,514.75,114,0.05,0.03,63,23,0.01,0.01,28,NA
GRM,2016,8/10/2016,223,8/12/2016,225,224,2,139,837,86,12.53571429,1.3,1367,341.75,196,0.81,0.32,150,12,0.03,0.46,34,NA
GRM,2016,8/19/2016,232,8/21/2016,234,233,2,139,837,95,11.62857143,0.48,999,333,201,0.45,0.33,123,18,0.05,0.07,60,NA
GRM,2016,8/24/2016,237,8/26/2016,239,238,2,139,837,100,11.36428571,2.7,1419,354.75,102,0.18,0.14,68,7,0.02,0.02,27,NA
GRM,2016,9/1/2016,245,9/3/2016,247,246,2,139,837,108,10.78571429,0.33,1186,296.5,159,0.35,0.31,122,10,0.02,0.02,27,NA
GRM,2016,9/8/2016,252,9/10/2016,254,253,2,139,837,115,9.457142857,0.61,600,200,106,0.5,0.43,82,4,0.03,0.04,20,NA
GRM,2016,9/14/2016,258,9/16/2016,260,259,2,139,837,121,8.814285714,0.53,697,174.25,49,0.42,0.4,44,2,0.01,0.01,3,NA
GRM,2016,9/21/2016,265,9/23/2016,267,266,2,139,837,128,9.085714286,0.16,241,80.33333333,78,0.43,0.41,59,9,0.01,0.01,10,NA
GRM,2016,9/28/2016,272,9/30/2016,274,273,2,139,837,135,5.642857143,1.17,206,68.66666667,110,0.43,0.38,77,9,0.01,0.04,24,NA
GRM,2017,5/31/2017,151,6/2/2017,153,152,2,144,978,9,8.128571429,0.15,10029,3343,106,0.29,0.21,89,5,0.04,0.04,12,NA
GRM,2017,6/7/2017,158,6/9/2017,160,159,2,144,978,16,10.87142857,0,5125,1708.333333,51,0.28,0.12,40,10,0.14,0.02,1,NA
GRM,2017,6/14/2017,165,6/16/2017,167,166,2,144,978,23,11.15,0,6483,2161,85,2.11,1.07,67,4,1.02,0.02,14,NA
GRM,2017,6/21/2017,172,6/23/2017,174,173,2,144,978,30,14.12142857,0,6899,2299.666667,232,0.89,0.4,186,22,0.23,0.26,24,NA
GRM,2017,6/28/2017,179,6/30/2017,181,180,2,144,978,37,12.34,0,6708,2236,122,0.62,0.3,90,10,0.04,0.28,22,NA
GRM,2017,7/5/2017,186,7/7/2017,188,187,2,144,978,44,13.01428571,0,7606,2535.333333,239,1.01,0.45,168,38,0.36,0.2,33,etc.other: red mites
GRM,2017,7/12/2017,193,7/14/2017,195,194,2,144,978,51,14.91428571,1.29,7109,2369.666667,233,0.51,0.41,192,19,0.03,0.07,22,NA
GRM,2017,7/19/2017,200,7/21/2017,202,201,2,144,978,58,15.07857143,1.04,9883,3294.333333,436,0.85,0.55,297,55,0.16,0.14,84,etc.other: red mites
GRM,2017,7/26/2017,207,7/28/2017,209,208,2,144,978,65,15.325,1.22,9010,3003.333333,410,1.12,0.8,274,46,0.19,0.13,90,NA
GRM,2017,8/2/2017,214,8/4/2017,216,215,2,144,978,72,13.88571429,2.95,7826,2608.666667,221,0.52,0.25,129,32,0.16,0.11,60,NA
GRM,2017,8/9/2017,221,8/11/2017,223,222,2,144,978,79,13.57142857,1.56,4601,1533.666667,155,1.03,0.25,83,20,0.04,0.74,52,NA
GRM,2017,8/16/2017,228,8/18/2017,230,229,2,144,978,86,11.98571429,0.69,4626,1542,144,0.76,0.36,77,20,0.1,0.3,47,NA
GRM,2017,8/23/2017,235,8/25/2017,237,236,2,144,978,93,12.69285714,0,4551,1517,173,0.39,0.3,106,19,0.05,0.04,48,NA
GRM,2017,8/30/2017,242,9/1/2017,244,243,2,144,978,100,13.78571429,0.28,3723,1241,98,0.35,0.25,66,11,0.05,0.05,21,NA
GRM,2017,9/9/2017,252,9/11/2017,254,253,2,144,978,110,12.97857143,0.36,1849,616.3333333,73,0.21,0.15,51,12,0.04,0.02,10,NA
GRM,2017,9/17/2017,260,9/19/2017,262,261,2,144,978,118,9.414285714,1.57,543,181,41,0.2,0.13,37,2,0.03,0.04,2,NA
GRM,2018,5/16/2018,136,5/18/2018,138,137,2,125,490,13,8.342857143,0,4216,1405.333333,35,0.24,0.17,22,2,0.04,0.03,11,NA
GRM,2018,5/23/2018,143,5/25/2018,145,144,2,125,490,20,7.7,0.03,2784,928,41,0.12,0.1,32,4,0.01,0.01,5,NA
GRM,2018,5/30/2018,150,6/1/2018,152,151,2,125,490,27,9.957142857,0,3489,1163,114,0.26,0.16,86,9,0.02,0.08,19,NA
GRM,2018,6/6/2018,157,6/8/2018,159,158,2,125,490,34,10.79285714,0,3407,1135.666667,176,0.48,0.32,131,13,0.09,0.07,32,NA
GRM,2018,6/13/2018,164,6/15/2018,166,165,2,125,490,41,12.26428571,0,4318,1439.333333,170,0.74,0.39,110,34,0.11,0.24,26,NA
GRM,2018,6/20/2018,171,6/22/2018,173,172,2,125,490,48,12.35,1.48,5379,1793,211,0.61,0.23,119,27,0.21,0.17,65,NA
GRM,2018,6/27/2018,178,6/29/2018,180,179,2,125,490,55,13.20714286,0,5565,1855,266,1.05,0.34,142,45,0.33,0.38,79,etc.other: 1 mayfly
GRM,2018,7/5/2018,186,7/7/2018,188,187,2,125,490,63,13.57857143,0,5198,1732.666667,NA,0.54,NA,NA,NA,NA,NA,NA,Mouse ate the sample
GRM,2018,7/11/2018,192,7/13/2018,194,193,2,125,490,69,15.43571429,1.73,6907,1726.75,265,0.75,0.34,139,48,0.11,0.3,78,NA
GRM,2018,7/18/2018,199,7/20/2018,201,200,2,125,490,76,16.97857143,0.17,5103,1701,353,0.9,0.32,165,61,0.27,0.31,127,NA
GRM,2018,7/26/2018,207,7/28/2018,209,208,2,125,490,84,16.62857143,0.26,2382,794,190,0.52,0.28,102,45,0.1,0.14,43,NA
GRM,2018,8/1/2018,213,8/3/2018,215,214,2,125,490,90,14.32857143,4.83,1228,409.3333333,177,0.67,0.25,77,51,0.18,0.24,49,NA
GRM,2018,8/6/2018,218,8/9/2018,221,219,3,125,490,96,14.80714286,0.69,988,329.3333333,85,0.28,0.15,56,12,0.07,0.06,17,NA
GRM,2018,8/8/2018,220,8/10/2018,222,221,2,125,490,97,14.33571429,0.66,826,275.3333333,183,0.52,0.34,108,33,0.1,0.08,42,NA
GRM,2018,8/15/2018,227,8/17/2018,229,228,2,125,490,104,14.08571429,1.19,327,109,114,0.27,0.2,80,12,0.01,0.06,22,NA
GRM,2018,8/24/2018,236,8/26/2018,238,237,2,125,490,113,12.62142857,0.97,98,32.66666667,68,0.29,0.16,48,7,0.08,0.05,13,NA
GRM,2018,9/17/2018,260,9/19/2018,262,261,2,125,490,137,12.18571429,0,23,7.666666667,57,0.24,0.18,44,2,0.01,0.05,11,NA
GRM,2019,6/5/2019,156,6/7/2019,158,157,2,157,967,1,9.614285714,0.2,2142,714,60,0.21,0.17,41,0,0,0.03,19,Malaise trap pole broke and fell over. Confirmed up until 6/13/19 at 4:30PM
GRM,2019,6/12/2019,163,6/14/2019,165,164,2,157,967,8,10.43571429,0,10615,3538.333333,68,0.23,0.19,52,2,0.04,NA,14,Malaise trap leaning but still standing upon retrieval
GRM,2019,6/19/2019,170,6/21/2019,172,171,2,157,967,15,11,0.92,1869,623,134,0.15,0.09,88,15,0.04,0.02,31,NA
GRM,2019,6/26/2019,177,6/28/2019,179,178,2,157,967,22,9.392857143,0.72,3056,1018.666667,196,0.5,0.25,171,10,0.22,0.03,15,"2 ""small flies"" are Pallopteridae found on Frasera"
GRM,2019,7/3/2019,184,7/5/2019,186,185,2,157,967,29,13.49285714,0.28,5948,1982.666667,161,0.31,0.25,140,10,0.03,0.03,11,NA
GRM,2019,7/10/2019,191,7/12/2019,193,192,2,157,967,36,12.65714286,0,7025,2341.666667,133,0.46,0.31,102,13,0.1,0.05,18,"BI confirmed sorting, 7/15"
GRM,2019,7/17/2019,198,7/19/2019,200,199,2,157,967,43,15.20714286,0,18333,6111,121,0.54,0.3,90,13,0.19,0.05,18,"BI confirmed sorting, 7/23"
GRM,2019,7/24/2019,205,7/26/2019,207,206,2,157,967,50,15.87142857,0.21,12651,4217,189,0.83,0.4,130,16,0.18,0.25,43,BI sorted
GRM,2019,7/31/2019,212,8/2/2019,214,213,2,157,967,57,15.38571429,2.32,8589,2863,237,0.75,0.48,169,10,0.15,0.12,58,BI sorted
GRM,2019,8/7/2019,219,8/9/2019,221,220,2,157,967,64,15.56428571,1.82,11649,3883,262,0.77,0.56,168,14,0.06,0.15,80,RD sorted
GRM,2019,8/14/2019,226,8/16/2019,228,227,2,157,967,71,14.02142857,0.85,9549,3183,185,0.82,0.4,76,27,0.04,0.38,82,RD sorted
GRM,2019,8/22/2019,234,8/24/2019,236,235,2,157,967,79,13.35,0,6106,2035.333333,155,0.96,0.23,78,12,0.07,0.66,65,RD sorted
GRM,2019,8/28/2019,240,8/30/2019,242,241,2,157,967,85,12.21428571,0,4112,1370.666667,150,0.33,0.09,90,11,0.01,0.23,49,DWI sorted
GRM,2019,9/4/2019,247,9/6/2019,249,248,2,157,967,92,13.7,0.25,2233,744.3333333,178,0.35,0.24,116,28,0.07,0.04,34,DWI sorted
GRM,2020,6/3/2020,155,6/5/2020,157,156,2,128,602,29,13.35714286,0.79,2760,920,117,1.01,0.28,85,15,0.71,0.02,17,BI sorted
GRM,2020,6/10/2020,162,6/12/2020,164,163,2,128,602,36,9.628571429,2.44,2796,932,91,0.21,0.12,54,16,0.04,0.05,21,BI sorted
GRM,2020,6/17/2020,169,6/19/2020,171,170,2,128,602,43,12.7,0.43,2120,706.6666667,87,0.46,0.15,44,27,0.26,0.05,16,BI sorted
GRM,2020,6/24/2020,176,6/26/2020,178,177,2,128,602,50,12.45714286,0.13,2314,771.3333333,139,1.14,0.51,100,24,0.44,0.19,15,BI sorted
GRM,2020,7/1/2020,183,7/3/2020,185,184,2,128,602,57,12.48571429,0.06,1939,646.3333333,154,0.69,0.48,83,19,0.07,0.14,52,BI sorted
GRM,2020,7/8/2020,190,7/10/2020,192,191,2,128,602,64,13.46428571,0.66,2313,771,187,0.63,0.26,72,27,0.11,0.26,88,BI sorted
GRM,2020,7/15/2020,197,7/17/2020,199,198,2,128,602,71,15.32142857,1.02,3236,1078.666667,191,0.71,0.34,81,33,0.11,0.26,77,BI sorted
GRM,2020,7/22/2020,204,7/24/2020,206,205,2,128,602,78,14.65,1.34,3420,1140,227,0.69,0.25,80,29,0.03,0.41,118,BI sorted
GRM,2020,7/29/2020,211,7/31/2020,213,212,2,128,602,85,14.56428571,1.86,3961,1320.333333,187,0.46,0.16,61,20,0.08,0.22,106,BI sorted
GRM,2020,8/5/2020,218,8/7/2020,220,219,2,128,602,92,15.03571429,0,2339,779.6666667,224,0.55,0.26,107,24,0.06,0.23,93,BI sorted
GRM,2020,8/12/2020,225,8/14/2020,227,226,2,128,602,99,13.73571429,0,1466,488.6666667,107,0.28,0.22,70,10,0.02,0.04,27,BI sorted
GRM,2020,8/19/2020,232,8/21/2020,234,233,2,128,602,106,15.77142857,0,870,290,131,0.25,0.21,89,12,0.02,0.02,30,BI sorted
GRM,2020,8/26/2020,239,8/28/2020,241,240,2,128,602,113,15.24285714,0.28,325,108.3333333,84,0.19,0.13,56,14,0.04,0.02,14,BI sorted
